TckrSymb,SctySrs,TradDt,OpnPric,HghPric,LwPric,ClsPric,TtlTradgVol
ASIANPAINT,EQ,2025-12-10,2810.0,2824.0,2796.7,2804.5,845073
HDFCBANK,EQ,2025-12-10,997.5,998.5,985.3,989.8,15322830
HINDUNILVR,EQ,2025-12-10,2306.5,2316.9,2295.0,2301.7,2857290
ICICIBANK,EQ,2025-12-10,1361.0,1361.0,1361.0,1361.0,1094092
ITC,EQ,2025-12-10,401.1,404.4,401.0,403.15,6969146
LT,EQ,2025-12-10,4000.0,4030.0,3970.0,3991.3,957277
RELIANCE,EQ,2025-12-10,1534.0,1547.5,1531.4,1536.9,7991629
SBIN,EQ,2025-12-10,960.1,963.95,955.25,959.75,6989178
ASIANPAINT,EQ,2025-12-11,2800.0,2811.6,2763.2,2779.4,777422
HDFCBANK,EQ,2025-12-11,990.0,1002.7,988.5,1000.3,11844809
HINDUNILVR,EQ,2025-12-11,2296.3,2313.0,2292.0,2305.6,1108032
ICICIBANK,EQ,2025-12-11,1363.7,1366.6,1352.8,1360.0,6734750
ITC,EQ,2025-12-11,403.15,404.0,401.1,402.9,6980147
LT,EQ,2025-12-11,3993.2,4015.0,3984.6,4003.9,841371
RELIANCE,EQ,2025-12-11,1536.9,1550.0,1524.0,1545.0,4706197
SBIN,EQ,2025-12-11,962.1,966.5,958.45,963.25,5979035
TCS,EQ,2025-12-11,3205.0,3208.4,3153.1,3191.9,1914362
ASIANPAINT,EQ,2025-12-12,2795.0,2797.0,2746.0,2764.8,977696
HDFCBANK,EQ,2025-12-12,1003.0,1004.7,998.2,1001.5,11988618
HINDUNILVR,EQ,2025-12-12,2306.9,2309.0,2244.7,2260.6,3203114
ICICIBANK,EQ,2025-12-12,1368.0,1370.7,1363.3,1366.0,3890885
ITC,EQ,2025-12-12,402.9,404.0,399.85,400.1,12407516
LT,EQ,2025-12-12,4061.0,4114.0,4048.6,4074.1,2207898
RELIANCE,EQ,2025-12-12,1550.8,1559.8,1546.1,1556.5,5106655
SBIN,EQ,2025-12-12,966.0,967.0,958.0,963.15,5681930
TCS,EQ,2025-12-12,3197.7,3223.0,3185.7,3220.5,1146554
ASIANPAINT,EQ,2025-12-15,2773.1,2802.0,2758.7,2780.2,1029674
HDFCBANK,EQ,2025-12-15,992.0,1001.8,992.0,996.1,9790060
HINDUNILVR,EQ,2025-12-15,2260.6,2299.0,2252.0,2293.5,1274115
ICICIBANK,EQ,2025-12-15,1356.1,1370.0,1356.1,1365.2,5342530
ITC,EQ,2025-12-15,400.1,403.35,399.5,402.3,7756564
LT,EQ,2025-12-15,4072.8,4096.0,4063.8,4092.3,1064975
RELIANCE,EQ,2025-12-15,1551.2,1558.6,1546.5,1556.2,5774543
SBIN,EQ,2025-12-15,957.25,968.85,957.25,967.25,4416952
TCS,EQ,2025-12-15,3211.1,3238.2,3197.3,3230.2,1562190
ASIANPAINT,EQ,2025-12-16,2793.0,2808.0,2776.1,2790.9,916244
HDFCBANK,EQ,2025-12-16,990.1,998.7,990.1,994.3,20049088
HINDUNILVR,EQ,2025-12-16,2293.4,2302.7,2276.0,2281.1,1256042
ICICIBANK,EQ,2025-12-16,1364.0,1368.7,1355.5,1366.0,12359741
ITC,EQ,2025-12-16,401.4,405.75,401.05,401.7,12347384
LT,EQ,2025-12-16,4083.7,4103.8,4051.2,4063.8,2199214
RELIANCE,EQ,2025-12-16,1545.0,1551.7,1538.8,1542.3,11731856
SBIN,EQ,2025-12-16,966.05,969.0,958.05,961.15,4764786
TCS,EQ,2025-12-16,3220.0,3220.0,3191.1,3205.1,1734623
ASIANPAINT,EQ,2025-12-17,2800.0,2806.5,2772.0,2785.7,636499
HDFCBANK,EQ,2025-12-17,996.0,996.0,980.8,984.0,19080922
HINDUNILVR,EQ,2025-12-17,2281.2,2286.2,2268.3,2275.6,808100
ICICIBANK,EQ,2025-12-17,1365.0,1365.0,1343.1,1352.4,9440391
ITC,EQ,2025-12-17,401.0,403.1,399.1,399.8,8087490
LT,EQ,2025-12-17,4079.0,4079.0,4040.0,4062.4,1087334
RELIANCE,EQ,2025-12-17,1550.0,1550.0,1539.3,1544.4,7116649
SBIN,EQ,2025-12-17,965.55,978.5,964.3,975.85,8013382
TCS,EQ,2025-12-17,3200.5,3236.9,3200.5,3217.8,1376350
ASIANPAINT,EQ,2025-12-18,2780.0,2793.8,2755.3,2759.7,417994
HDFCBANK,EQ,2025-12-18,973.3,987.4,973.3,979.7,14912404
HINDUNILVR,EQ,2025-12-18,2270.0,2278.3,2255.3,2265.5,1057295
ICICIBANK,EQ,2025-12-18,1346.3,1369.5,1345.5,1356.8,7314573
INFY,EQ,2025-12-18,1610.5,1630.0,1606.7,1626.8,6577293
ITC,EQ,2025-12-18,400.0,401.95,399.85,400.4,7227668
LT,EQ,2025-12-18,4067.0,4071.8,4023.4,4031.1,1004303
RELIANCE,EQ,2025-12-18,1535.2,1551.5,1535.2,1544.4,6580829
SBIN,EQ,2025-12-18,977.9,981.45,973.5,977.55,4926879
TCS,EQ,2025-12-18,3228.0,3287.8,3221.0,3280.8,2307422
ASIANPAINT,EQ,2025-12-19,2766.4,2812.4,2759.7,2799.9,3895542
HDFCBANK,EQ,2025-12-19,987.0,988.0,978.7,985.5,25952384
HINDUNILVR,EQ,2025-12-19,2263.7,2284.8,2263.7,2280.0,1237214
ICICIBANK,EQ,2025-12-19,1354.0,1360.4,1350.8,1354.1,14318512
INFY,EQ,2025-12-19,1650.0,1654.9,1629.8,1638.7,13149023
ITC,EQ,2025-12-19,400.25,402.65,400.25,401.05,10654835
LT,EQ,2025-12-19,4040.1,4091.5,4040.1,4073.5,1327935
RELIANCE,EQ,2025-12-19,1554.4,1574.2,1551.0,1565.1,13937275
SBIN,EQ,2025-12-19,979.95,982.0,977.05,980.3,5376584
TCS,EQ,2025-12-19,3299.0,3317.9,3278.8,3282.0,3902511
ASIANPAINT,EQ,2025-12-22,2785.8,2823.1,2780.3,2807.6,463953
HDFCBANK,EQ,2025-12-22,988.0,992.9,983.9,987.7,13540411
HINDUNILVR,EQ,2025-12-22,2280.0,2295.0,2280.0,2289.5,790773
ICICIBANK,EQ,2025-12-22,1358.0,1371.3,1354.8,1368.5,9375294
INFY,EQ,2025-12-22,1664.0,1693.2,1664.0,1689.6,23098923
ITC,EQ,2025-12-22,401.6,403.65,401.2,402.7,6847871
LT,EQ,2025-12-22,4081.0,4098.5,4068.5,4072.4,764774
RELIANCE,EQ,2025-12-22,1573.5,1577.5,1565.3,1575.4,10184852
SBIN,EQ,2025-12-22,981.1,983.0,972.55,974.3,5959037
TCS,EQ,2025-12-22,3310.0,3328.6,3291.0,3324.9,2632816
ASIANPAINT,EQ,2025-12-23,2798.0,2819.0,2783.1,2807.8,431068
HDFCBANK,EQ,2025-12-23,990.5,998.9,987.7,996.6,17927849
HINDUNILVR,EQ,2025-12-23,2289.3,2310.0,2280.7,2302.6,1128801
ICICIBANK,EQ,2025-12-23,1361.1,1365.0,1357.0,1363.0,9105467
INFY,EQ,2025-12-23,1679.0,1679.0,1656.4,1668.3,6593060
ITC,EQ,2025-12-23,402.5,408.9,401.8,407.35,10081997
LT,EQ,2025-12-23,4089.0,4095.0,4053.3,4058.8,1867147
RELIANCE,EQ,2025-12-23,1580.9,1580.9,1568.1,1570.7,7506564
SBIN,EQ,2025-12-23,976.3,977.55,970.7,971.9,5123287
TCS,EQ,2025-12-23,3319.9,3319.9,3293.5,3310.0,2365420
ASIANPAINT,EQ,2025-12-24,2807.8,2824.7,2782.0,2785.5,512144
HDFCBANK,EQ,2025-12-24,993.0,999.4,993.0,997.2,13699996
HINDUNILVR,EQ,2025-12-24,2302.6,2305.0,2278.1,2282.2,519380
ICICIBANK,EQ,2025-12-24,1363.8,1368.2,1357.6,1359.8,8955140
INFY,EQ,2025-12-24,1661.0,1667.6,1652.5,1663.4,4271167
ITC,EQ,2025-12-24,407.95,409.5,405.65,406.6,5777430
LT,EQ,2025-12-24,4065.0,4080.7,4048.1,4053.6,1021436
RELIANCE,EQ,2025-12-24,1572.7,1575.7,1553.6,1558.2,8815745
SBIN,EQ,2025-12-24,973.2,977.3,967.5,968.95,4105643
TCS,EQ,2025-12-24,3304.1,3327.1,3296.1,3319.0,1367708
ASIANPAINT,EQ,2025-12-26,2785.0,2794.4,2743.0,2746.5,532078
HDFCBANK,EQ,2025-12-26,996.0,997.2,987.7,992.1,9360853
HINDUNILVR,EQ,2025-12-26,2282.3,2290.0,2275.0,2285.4,533626
ICICIBANK,EQ,2025-12-26,1356.5,1362.0,1348.5,1350.4,2812144
INFY,EQ,2025-12-26,1663.4,1668.8,1651.7,1656.1,2006491
ITC,EQ,2025-12-26,406.5,407.15,403.85,404.15,3152453
LT,EQ,2025-12-26,4052.0,4061.5,4030.2,4047.3,594330
RELIANCE,EQ,2025-12-26,1554.7,1561.0,1554.3,1559.2,2311495
SBIN,EQ,2025-12-26,968.95,971.0,964.75,966.3,3286321
TCS,EQ,2025-12-26,3313.1,3320.0,3271.8,3280.0,1176664
ASIANPAINT,EQ,2025-12-29,2746.5,2793.8,2735.0,2775.4,815529
HDFCBANK,EQ,2025-12-29,993.1,997.4,987.2,991.7,13545749
HINDUNILVR,EQ,2025-12-29,2288.9,2298.7,2280.0,2293.3,1086695
ICICIBANK,EQ,2025-12-29,1352.1,1355.7,1341.5,1343.3,6057201
INFY,EQ,2025-12-29,1658.0,1673.1,1637.1,1644.7,4062817
ITC,EQ,2025-12-29,404.1,404.8,401.45,402.6,6647710
LT,EQ,2025-12-29,4053.0,4061.1,4033.4,4038.7,952143
RELIANCE,EQ,2025-12-29,1554.9,1558.1,1543.6,1545.6,5972105
SBIN,EQ,2025-12-29,966.9,968.9,961.45,965.05,5267233
TCS,EQ,2025-12-29,3280.0,3288.0,3242.9,3251.5,2079473
ASIANPAINT,EQ,2025-12-30,2770.3,2792.4,2741.0,2758.3,4833527
HDFCBANK,EQ,2025-12-30,990.2,995.0,982.2,990.9,33155849
HINDUNILVR,EQ,2025-12-30,2293.3,2298.0,2283.0,2290.2,1556717
ICICIBANK,EQ,2025-12-30,1343.3,1347.1,1338.1,1342.5,18621277
INFY,EQ,2025-12-30,1647.0,1647.9,1616.8,1621.6,9395937
ITC,EQ,2025-12-30,403.0,403.45,400.3,400.6,12340527
LT,EQ,2025-12-30,4039.0,4063.9,4006.2,4052.0,1362208
RELIANCE,EQ,2025-12-30,1547.0,1553.6,1537.8,1539.8,8815884
SBIN,EQ,2025-12-30,963.0,976.2,959.5,973.45,15030644
TCS,EQ,2025-12-30,3250.0,3267.5,3239.5,3246.8,2807593
ASIANPAINT,EQ,2025-12-31,2755.0,2796.8,2754.9,2769.5,1274705
HDFCBANK,EQ,2025-12-31,991.0,997.6,987.6,991.2,10963454
HINDUNILVR,EQ,2025-12-31,2290.0,2325.5,2286.8,2315.9,1324220
ICICIBANK,EQ,2025-12-31,1342.8,1350.0,1339.5,1342.9,6150634
INFY,EQ,2025-12-31,1621.0,1628.6,1609.2,1615.4,6538656
ITC,EQ,2025-12-31,401.1,403.75,400.85,403.0,9945109
LT,EQ,2025-12-31,4058.0,4094.5,4048.0,4083.5,1160164
RELIANCE,EQ,2025-12-31,1541.0,1577.0,1541.0,1570.4,5771830
SBIN,EQ,2025-12-31,975.25,985.65,973.5,982.2,5807630
TCS,EQ,2025-12-31,3240.0,3246.0,3198.5,3206.2,3362634
ASIANPAINT,EQ,2026-01-01,2775.9,2782.7,2746.1,2752.0,327945
HDFCBANK,EQ,2026-01-01,993.5,997.55,989.5,991.15,7132074
HINDUNILVR,EQ,2026-01-01,2322.0,2326.0,2300.0,2323.0,758866
ICICIBANK,EQ,2026-01-01,1343.9,1348.4,1336.0,1338.0,4179311
INFY,EQ,2026-01-01,1615.4,1639.6,1614.1,1629.8,3658165
ITC,EQ,2026-01-01,402.7,402.7,362.7,363.85,282626710
LT,EQ,2026-01-01,4090.0,4146.8,4088.3,4140.4,1360716
RELIANCE,EQ,2026-01-01,1573.7,1592.5,1571.1,1575.6,6408128
SBIN,EQ,2026-01-01,983.2,987.65,980.35,984.75,4328348
TCS,EQ,2026-01-01,3215.0,3234.1,3198.2,3227.4,1255735
ASIANPAINT,EQ,2026-01-02,2755.8,2799.0,2755.8,2772.6,508884
HDFCBANK,EQ,2026-01-02,991.15,1003.2,988.8,1001.6,11751459
HINDUNILVR,EQ,2026-01-02,2326.0,2357.7,2322.0,2348.0,973413
ICICIBANK,EQ,2026-01-02,1338.0,1356.9,1336.3,1355.4,8226205
INFY,EQ,2026-01-02,1635.9,1643.5,1627.5,1640.4,2524526
ITC,EQ,2026-01-02,360.0,360.0,345.25,350.05,118790358
LT,EQ,2026-01-02,4138.1,4172.7,4127.1,4163.4,984027
RELIANCE,EQ,2026-01-02,1580.0,1594.6,1578.2,1592.3,6602230
SBIN,EQ,2026-01-02,984.5,1009.5,983.95,998.95,7357435
TCS,EQ,2026-01-02,3234.0,3254.3,3219.5,3250.7,1184324
ASIANPAINT,EQ,2026-01-05,2770.0,2828.0,2769.0,2815.6,866733
HDFCBANK,EQ,2026-01-05,1005.75,1006.4,976.3,977.5,27647379
HINDUNILVR,EQ,2026-01-05,2341.5,2394.0,2336.4,2384.1,1344113
ICICIBANK,EQ,2026-01-05,1354.2,1375.5,1352.6,1371.5,6920565
INFY,EQ,2026-01-05,1637.0,1637.0,1583.1,1606.4,5917885
ITC,EQ,2026-01-05,350.2,353.95,346.05,349.7,48358124
LT,EQ,2026-01-05,4162.9,4195.0,4132.8,4150.4,1167460
RELIANCE,EQ,2026-01-05,1593.0,1611.8,1575.3,1578.1,8704973
SBIN,EQ,2026-01-05,1000.0,1015.5,1000.0,1005.55,11259060
TCS,EQ,2026-01-05,3240.5,3247.0,3191.0,3216.1,2341703
ASIANPAINT,EQ,2026-01-06,2820.0,2848.4,2811.6,2845.8,875891
HDFCBANK,EQ,2026-01-06,962.7,966.7,956.0,962.2,31988783
HINDUNILVR,EQ,2026-01-06,2398.8,2428.1,2367.8,2424.7,1584720
ICICIBANK,EQ,2026-01-06,1372.0,1413.6,1366.0,1411.2,17260416
INFY,EQ,2026-01-06,1600.1,1619.9,1599.0,1612.2,4466729
ITC,EQ,2026-01-06,350.25,350.7,337.75,342.45,72582738
LT,EQ,2026-01-06,4153.0,4185.0,4129.9,4140.6,1205337
RELIANCE,EQ,2026-01-06,1569.0,1569.0,1496.3,1507.6,27417125
SBIN,EQ,2026-01-06,1007.95,1024.0,1004.95,1018.9,9575742
TCS,EQ,2026-01-06,3210.0,3263.2,3205.0,3255.8,2912325
ASIANPAINT,EQ,2026-01-07,2845.8,2854.7,2801.1,2809.4,636748
HDFCBANK,EQ,2026-01-07,956.0,956.45,946.0,949.05,52884712
HINDUNILVR,EQ,2026-01-07,2416.0,2421.9,2382.0,2399.4,892690
ICICIBANK,EQ,2026-01-07,1408.0,1429.9,1404.2,1427.7,15813795
INFY,EQ,2026-01-07,1615.0,1642.0,1615.0,1639.0,4508079
ITC,EQ,2026-01-07,343.0,344.55,339.3,341.25,29440734
LT,EQ,2026-01-07,4106.0,4180.0,4094.0,4157.0,1213160
RELIANCE,EQ,2026-01-07,1510.0,1520.0,1498.0,1504.2,11199340
SBIN,EQ,2026-01-07,1022.7,1022.7,1004.0,1007.15,7896720
TCS,EQ,2026-01-07,3242.9,3300.6,3223.2,3295.6,1989442
ASIANPAINT,EQ,2026-01-08,2795.0,2804.7,2770.1,2786.5,620031
HDFCBANK,EQ,2026-01-08,944.7,953.0,941.4,946.7,21928849
HINDUNILVR,EQ,2026-01-08,2389.0,2418.1,2368.1,2386.7,1163828
ICICIBANK,EQ,2026-01-08,1429.0,1442.2,1423.3,1435.0,14861699
INFY,EQ,2026-01-08,1638.9,1644.3,1608.6,1613.3,3942131
ITC,EQ,2026-01-08,341.5,345.15,339.05,340.9,36706319
LT,EQ,2026-01-08,4160.0,4169.9,3991.3,4028.4,2328813
RELIANCE,EQ,2026-01-08,1500.0,1503.9,1468.8,1470.6,16518684
SBIN,EQ,2026-01-08,1006.6,1011.6,995.85,998.0,6854268
TCS,EQ,2026-01-08,3286.9,3286.9,3182.0,3203.9,4159336
ASIANPAINT,EQ,2026-01-09,2789.9,2856.7,2786.2,2825.5,1657381
HDFCBANK,EQ,2026-01-09,945.0,950.6,933.3,939.0,38183839
HINDUNILVR,EQ,2026-01-09,2382.0,2386.0,2361.0,2372.6,1189464
ICICIBANK,EQ,2026-01-09,1427.1,1429.5,1401.5,1404.3,12555636
INFY,EQ,2026-01-09,1610.0,1631.3,1607.0,1614.1,6816681
ITC,EQ,2026-01-09,340.9,341.0,336.1,337.15,35193201
LT,EQ,2026-01-09,4029.0,4094.0,4006.2,4025.2,1718127
RELIANCE,EQ,2026-01-09,1465.0,1479.9,1465.0,1475.3,8335311
SBIN,EQ,2026-01-09,996.0,1008.0,994.0,1000.5,7809460
TCS,EQ,2026-01-09,3191.0,3229.7,3191.0,3207.8,1938673
ASIANPAINT,EQ,2026-01-12,2826.0,2900.0,2808.0,2896.4,1743901
HDFCBANK,EQ,2026-01-12,937.5,942.0,929.6,936.95,21071666
HINDUNILVR,EQ,2026-01-12,2362.0,2413.9,2361.0,2406.2,1057665
ICICIBANK,EQ,2026-01-12,1399.9,1424.3,1391.7,1413.1,10923811
INFY,EQ,2026-01-12,1610.1,1613.3,1592.6,1595.9,6985362
ITC,EQ,2026-01-12,338.25,339.5,335.8,338.4,16156143
LT,EQ,2026-01-12,4026.0,4026.9,3944.3,4019.0,1386513
RELIANCE,EQ,2026-01-12,1475.3,1485.3,1451.0,1483.2,8883745
SBIN,EQ,2026-01-12,1008.0,1017.25,996.0,1015.15,7617922
TCS,EQ,2026-01-12,3203.0,3252.0,3174.3,3239.6,2228342
ASIANPAINT,EQ,2026-01-13,2900.0,2914.5,2870.8,2886.3,1051986
HDFCBANK,EQ,2026-01-13,947.7,947.7,932.6,937.35,32042827
HINDUNILVR,EQ,2026-01-13,2415.1,2422.2,2365.0,2389.5,1519683
ICICIBANK,EQ,2026-01-13,1420.0,1441.8,1411.1,1437.0,14295581
INFY,EQ,2026-01-13,1618.0,1618.0,1586.4,1599.0,8080618
ITC,EQ,2026-01-13,339.0,339.5,333.7,334.7,24922339
LT,EQ,2026-01-13,4028.0,4028.0,3837.0,3887.4,4978634
RELIANCE,EQ,2026-01-13,1485.0,1485.8,1444.7,1452.8,13499760
SBIN,EQ,2026-01-13,1022.8,1029.5,1016.0,1028.45,11016895
TCS,EQ,2026-01-13,3245.0,3280.0,3210.5,3268.0,5645341
ASIANPAINT,EQ,2026-01-14,2884.0,2884.0,2807.3,2813.9,958254
HDFCBANK,EQ,2026-01-14,930.0,940.05,920.2,925.45,36688248
HINDUNILVR,EQ,2026-01-14,2398.9,2398.9,2341.0,2353.5,1027639
ICICIBANK,EQ,2026-01-14,1425.6,1443.9,1414.9,1418.4,13832255
INFY,EQ,2026-01-14,1588.0,1617.0,1583.1,1599.8,7557157
ITC,EQ,2026-01-14,336.0,336.0,333.45,334.75,14913422
LT,EQ,2026-01-14,3900.0,3904.9,3856.6,3865.8,1914244
RELIANCE,EQ,2026-01-14,1444.0,1467.0,1440.2,1458.8,8321764
SBIN,EQ,2026-01-14,1030.0,1030.4,1020.5,1028.35,7370514
TCS,EQ,2026-01-14,3260.0,3260.0,3183.0,3192.5,3539511
INFY,EQ,2026-01-15,1599.800048828125,1599.800048828125,1599.800048828125,1599.800048828125,0
TCS,EQ,2026-01-15,3192.5,3192.5,3192.5,3192.5,0
ASIANPAINT,EQ,2026-01-16,2787.9,2826.5,2750.5,2756.9,1143463
HDFCBANK,EQ,2026-01-16,922.0,935.95,919.2,931.1,37780235
HINDUNILVR,EQ,2026-01-16,2370.0,2372.9,2348.9,2360.4,1367606
ICICIBANK,EQ,2026-01-16,1417.9,1429.0,1400.2,1410.8,12530886
INFY,EQ,2026-01-16,1663.7,1694.0,1653.4,1689.8,19335957
ITC,EQ,2026-01-16,337.5,337.5,328.55,329.2,30526898
LT,EQ,2026-01-16,3890.0,3914.0,3848.7,3856.4,1807300
RELIANCE,EQ,2026-01-16,1458.8,1480.0,1455.1,1457.9,17167161
SBIN,EQ,2026-01-16,1032.0,1047.45,1028.4,1042.3,11051580
TCS,EQ,2026-01-16,3219.4,3221.9,3171.0,3206.7,4293470
ASIANPAINT,EQ,2026-01-19,2756.9,2786.3,2724.7,2754.0,1342048
HDFCBANK,EQ,2026-01-19,935.9,936.15,919.5,927.9,38191942
HINDUNILVR,EQ,2026-01-19,2353.0,2425.4,2353.0,2413.9,1505238
ICICIBANK,EQ,2026-01-19,1399.9,1400.0,1360.0,1380.6,23302883
INFY,EQ,2026-01-19,1685.0,1685.0,1666.5,1681.2,5104958
ITC,EQ,2026-01-19,330.0,334.65,327.3,333.2,15507440
LT,EQ,2026-01-19,3820.0,3878.4,3808.5,3869.8,1709380
RELIANCE,EQ,2026-01-19,1450.6,1450.6,1403.3,1413.6,20392765
SBIN,EQ,2026-01-19,1035.0,1043.6,1034.0,1038.4,5460164
TCS,EQ,2026-01-19,3188.0,3220.0,3152.1,3163.6,3387562
ASIANPAINT,EQ,2026-01-20,2740.0,2740.1,2669.3,2675.6,911151
HDFCBANK,EQ,2026-01-20,929.3,934.5,919.6,931.2,36022727
HINDUNILVR,EQ,2026-01-20,2423.0,2439.0,2368.5,2379.1,1460806
ICICIBANK,EQ,2026-01-20,1374.7,1387.8,1371.5,1375.8,15012785
INFY,EQ,2026-01-20,1673.0,1680.2,1652.9,1658.9,6406503
ITC,EQ,2026-01-20,334.05,334.5,325.5,326.3,18771011
LT,EQ,2026-01-20,3858.0,3874.3,3800.0,3810.5,1658119
RELIANCE,EQ,2026-01-20,1410.7,1416.0,1390.0,1394.0,13189498
SBIN,EQ,2026-01-20,1039.75,1052.0,1033.05,1036.4,8905718
TCS,EQ,2026-01-20,3151.6,3160.0,3091.1,3102.3,4499273
ASIANPAINT,EQ,2026-01-21,2670.0,2688.0,2648.0,2661.1,914318
HDFCBANK,EQ,2026-01-21,925.0,932.15,915.5,920.35,32766854
HINDUNILVR,EQ,2026-01-21,2379.1,2400.5,2360.0,2368.0,1020245
ICICIBANK,EQ,2026-01-21,1367.5,1371.5,1339.5,1349.0,21766068
INFY,EQ,2026-01-21,1651.0,1657.0,1631.2,1654.4,6224582
ITC,EQ,2026-01-21,326.0,329.3,324.35,324.75,14177965
LT,EQ,2026-01-21,3800.0,3830.0,3722.0,3766.5,2537185
RELIANCE,EQ,2026-01-21,1389.5,1412.9,1373.0,1404.6,17352720
SBIN,EQ,2026-01-21,1032.0,1040.6,1022.0,1028.65,7408949
TCS,EQ,2026-01-21,3100.0,3138.5,3082.0,3122.6,2015150
ASIANPAINT,EQ,2026-01-22,2665.3,2729.9,2665.3,2703.8,1290346
HDFCBANK,EQ,2026-01-22,928.0,928.3,913.2,918.7,44444755
HINDUNILVR,EQ,2026-01-22,2368.9,2402.0,2365.7,2390.6,1745964
ICICIBANK,EQ,2026-01-22,1355.1,1358.0,1338.0,1345.5,17179765
INFY,EQ,2026-01-22,1666.0,1671.2,1653.8,1663.5,6228892
ITC,EQ,2026-01-22,326.1,328.7,321.05,324.85,18622852
LT,EQ,2026-01-22,3798.9,3801.3,3755.1,3793.8,1856812
RELIANCE,EQ,2026-01-22,1410.1,1419.5,1395.0,1402.5,15721693
SBIN,EQ,2026-01-22,1035.0,1055.5,1034.05,1048.35,12001641
TCS,EQ,2026-01-22,3150.0,3160.0,3122.3,3150.4,2269827
ASIANPAINT,EQ,2026-01-23,2703.8,2782.9,2690.8,2703.7,1786635
HDFCBANK,EQ,2026-01-23,920.0,926.1,909.25,916.1,30985247
HINDUNILVR,EQ,2026-01-23,2400.0,2434.3,2376.8,2409.5,1378097
ICICIBANK,EQ,2026-01-23,1340.5,1355.2,1335.7,1343.4,14056524
INFY,EQ,2026-01-23,1667.2,1675.7,1662.2,1670.8,5869137
ITC,EQ,2026-01-23,325.55,326.4,322.7,323.4,11950089
LT,EQ,2026-01-23,3798.0,3799.4,3720.1,3743.8,1898703
RELIANCE,EQ,2026-01-23,1401.8,1407.0,1381.0,1386.1,9837802
SBIN,EQ,2026-01-23,1051.9,1053.0,1025.6,1029.5,10917698
TCS,EQ,2026-01-23,3190.3,3194.5,3152.0,3162.5,2068857
INFY,EQ,2026-01-26,18.25,18.700000762939453,18.229999542236328,18.549999237060547,5162400
ASIANPAINT,EQ,2026-01-27,2719.9,2734.7,2546.0,2622.8,3818761
HDFCBANK,EQ,2026-01-27,906.0,931.2,905.0,926.4,44753093
HINDUNILVR,EQ,2026-01-27,2412.0,2421.6,2380.5,2400.9,2060117
ICICIBANK,EQ,2026-01-27,1340.0,1369.1,1328.6,1361.4,25263634
INFY,EQ,2026-01-27,1685.8,1689.4,1661.1,1682.7,10673087
ITC,EQ,2026-01-27,323.6,324.7,317.85,318.65,47847784
LT,EQ,2026-01-27,3743.8,3815.0,3739.0,3787.8,2162193
RELIANCE,EQ,2026-01-27,1380.0,1391.6,1368.0,1380.5,26302396
SBIN,EQ,2026-01-27,1034.1,1055.0,1030.25,1053.15,14420630
TCS,EQ,2026-01-27,3175.0,3175.0,3130.0,3158.0,4279874
ASIANPAINT,EQ,2026-01-28,2535.0,2548.5,2451.0,2511.8,3430002
HDFCBANK,EQ,2026-01-28,932.5,941.45,928.4,932.7,35347138
HINDUNILVR,EQ,2026-01-28,2403.1,2420.2,2340.6,2378.4,1797593
ICICIBANK,EQ,2026-01-28,1362.6,1380.4,1362.6,1367.7,13242696
INFY,EQ,2026-01-28,1680.0,1688.8,1650.0,1666.5,8588664
ITC,EQ,2026-01-28,319.95,323.7,319.35,321.15,28400238
LT,EQ,2026-01-28,3804.3,3828.2,3769.1,3794.0,2111741
RELIANCE,EQ,2026-01-28,1385.0,1409.9,1384.9,1396.7,11121657
SBIN,EQ,2026-01-28,1059.4,1065.6,1044.15,1063.5,12171257
TCS,EQ,2026-01-28,3176.0,3205.2,3170.6,3200.1,2751234
ASIANPAINT,EQ,2026-01-29,2511.8,2514.9,2410.0,2416.0,3488159
HDFCBANK,EQ,2026-01-29,930.1,939.3,924.35,935.5,37175628
HINDUNILVR,EQ,2026-01-29,2370.5,2374.7,2312.0,2352.6,1478536
ICICIBANK,EQ,2026-01-29,1359.0,1387.7,1354.4,1383.6,23118234
INFY,EQ,2026-01-29,1658.0,1666.5,1642.1,1659.5,4749582
ITC,EQ,2026-01-29,322.6,322.6,318.05,318.6,17719420
LT,EQ,2026-01-29,3860.0,3960.9,3843.6,3932.9,4227139
RELIANCE,EQ,2026-01-29,1402.9,1402.9,1384.0,1391.0,20846683
SBIN,EQ,2026-01-29,1063.0,1075.0,1060.3,1066.2,14800724
TCS,EQ,2026-01-29,3200.1,3200.1,3125.6,3144.4,2457641
ASIANPAINT,EQ,2026-01-30,2417.0,2445.0,2400.5,2428.3,2048843
HDFCBANK,EQ,2026-01-30,930.0,938.9,927.75,929.25,29691233
HINDUNILVR,EQ,2026-01-30,2341.0,2385.0,2340.0,2373.0,2090462
ICICIBANK,EQ,2026-01-30,1368.2,1381.9,1353.2,1355.0,24013717
INFY,EQ,2026-01-30,1655.0,1655.0,1618.1,1641.0,9207926
ITC,EQ,2026-01-30,318.8,325.15,316.45,322.15,41975824
LT,EQ,2026-01-30,3902.5,3942.4,3891.8,3932.3,2208465
RELIANCE,EQ,2026-01-30,1382.6,1398.0,1378.5,1395.4,11239835
SBIN,EQ,2026-01-30,1064.0,1082.5,1060.4,1077.15,9480769
TCS,EQ,2026-01-30,3141.0,3141.0,3092.0,3123.9,3022068
ASIANPAINT,EQ,2026-02-02,2374.9,2429.5,2372.0,2402.0,1183482
HDFCBANK,EQ,2026-02-02,915.0,929.8,909.3,928.1,28032106
HINDUNILVR,EQ,2026-02-02,2356.1,2360.0,2303.0,2357.3,1375089
ICICIBANK,EQ,2026-02-02,1329.9,1354.4,1329.1,1352.8,12800245
INFY,EQ,2026-02-02,1662.0,1662.0,1618.0,1629.4,6784887
ITC,EQ,2026-02-02,309.45,315.4,302.0,314.7,35227572
LT,EQ,2026-02-02,3830.7,3934.8,3825.0,3921.3,3034613
RELIANCE,EQ,2026-02-02,1340.0,1392.9,1335.5,1390.4,15711165
SBIN,EQ,2026-02-02,1019.9,1031.3,990.0,1028.7,14434549
TCS,EQ,2026-02-02,3198.0,3198.0,3134.0,3169.6,2636272
ASIANPAINT,EQ,2026-02-03,2525.0,2525.0,2391.0,2426.0,2233860
HDFCBANK,EQ,2026-02-03,983.75,994.0,945.0,948.7,50336968
HINDUNILVR,EQ,2026-02-03,2390.0,2399.9,2343.3,2368.6,1553270
ICICIBANK,EQ,2026-02-03,1412.0,1417.0,1373.4,1389.7,24896698
INFY,EQ,2026-02-03,1727.2,1728.0,1653.0,1656.0,8805868
ITC,EQ,2026-02-03,321.2,324.75,311.6,316.65,33168353
LT,EQ,2026-02-03,4117.0,4122.0,4030.6,4038.8,3742190
RELIANCE,EQ,2026-02-03,1473.9,1489.5,1430.2,1437.1,25456171
SBIN,EQ,2026-02-03,1087.0,1089.8,1040.3,1064.2,16129381
TCS,EQ,2026-02-03,3350.0,3350.0,3186.3,3225.3,4366060
ASIANPAINT,EQ,2026-02-04,2430.0,2463.8,2417.1,2452.7,970973
HDFCBANK,EQ,2026-02-04,952.5,957.2,947.95,953.1,24366770
HINDUNILVR,EQ,2026-02-04,2360.6,2393.5,2356.8,2371.0,1232755
ICICIBANK,EQ,2026-02-04,1387.0,1414.0,1386.9,1408.4,11080683
INFY,EQ,2026-02-04,1574.0,1584.9,1510.1,1535.8,28828622
ITC,EQ,2026-02-04,312.5,314.95,311.35,313.85,11196759
LT,EQ,2026-02-04,4029.0,4107.0,4016.9,4087.1,1403373
RELIANCE,EQ,2026-02-04,1444.0,1464.0,1440.3,1456.8,8333387
SBIN,EQ,2026-02-04,1064.2,1073.9,1056.3,1068.2,7312276
TCS,EQ,2026-02-04,3120.0,3120.0,2986.0,2999.1,10852595
ASIANPAINT,EQ,2026-02-05,2445.0,2455.8,2402.6,2432.1,1047405
HDFCBANK,EQ,2026-02-05,956.0,956.05,946.7,949.7,28103169
HINDUNILVR,EQ,2026-02-05,2362.5,2423.0,2351.6,2354.4,1962066
ICICIBANK,EQ,2026-02-05,1414.0,1414.0,1393.2,1396.5,8982761
INFY,EQ,2026-02-05,1534.0,1551.0,1515.7,1520.2,10628127
ITC,EQ,2026-02-05,313.95,315.35,309.3,310.2,15816704
LT,EQ,2026-02-05,4088.0,4088.5,4035.9,4063.3,1433240
RELIANCE,EQ,2026-02-05,1457.0,1461.5,1439.5,1443.4,11763658
SBIN,EQ,2026-02-05,1068.2,1081.0,1067.5,1073.5,9551567
TCS,EQ,2026-02-05,2990.0,3029.7,2972.3,2991.5,3521545
ASIANPAINT,EQ,2026-02-06,2432.0,2444.0,2386.1,2401.1,1043982
HDFCBANK,EQ,2026-02-06,945.0,948.1,937.6,941.1,18120272
HINDUNILVR,EQ,2026-02-06,2354.4,2429.0,2337.5,2424.2,1421995
ICICIBANK,EQ,2026-02-06,1396.7,1410.5,1394.7,1406.1,10851190
INFY,EQ,2026-02-06,1522.1,1525.0,1480.0,1507.1,13900866
ITC,EQ,2026-02-06,310.0,327.7,308.3,325.8,68057745
LT,EQ,2026-02-06,4055.0,4078.0,4042.3,4068.1,1630836
RELIANCE,EQ,2026-02-06,1441.5,1452.8,1433.5,1450.8,8277304
SBIN,EQ,2026-02-06,1070.0,1073.6,1051.0,1066.4,7041557
TCS,EQ,2026-02-06,2976.6,2985.0,2916.0,2941.6,4687389
ASIANPAINT,EQ,2026-02-09,2404.0,2426.2,2396.8,2417.4,669839
HDFCBANK,EQ,2026-02-09,945.0,950.0,935.35,937.25,23947829
HINDUNILVR,EQ,2026-02-09,2425.0,2439.0,2402.0,2435.0,958484
ICICIBANK,EQ,2026-02-09,1413.5,1414.0,1388.8,1396.3,7889742
INFY,EQ,2026-02-09,1522.1,1528.0,1493.0,1497.2,8294615
ITC,EQ,2026-02-09,327.95,328.7,321.65,322.8,20059198
LT,EQ,2026-02-09,4073.9,4124.7,4062.4,4113.6,1830267
RELIANCE,EQ,2026-02-09,1458.0,1465.9,1453.0,1461.6,5775864
SBIN,EQ,2026-02-09,1120.0,1150.0,1100.5,1146.0,40852966
TCS,EQ,2026-02-09,2959.1,2977.0,2937.5,2948.2,2380318
ASIANPAINT,EQ,2026-02-10,2419.0,2420.0,2386.9,2393.6,1513620
HDFCBANK,EQ,2026-02-10,930.0,940.9,929.95,932.4,31525385
HINDUNILVR,EQ,2026-02-10,2435.0,2458.1,2430.1,2453.6,792532
ICICIBANK,EQ,2026-02-10,1401.0,1409.5,1395.5,1406.5,16497628
INFY,EQ,2026-02-10,1500.0,1515.9,1491.0,1497.8,8657000
ITC,EQ,2026-02-10,323.0,323.55,320.75,321.4,11489090
LT,EQ,2026-02-10,4140.0,4174.6,4122.4,4169.0,1890409
RELIANCE,EQ,2026-02-10,1471.0,1471.0,1452.2,1458.5,10259630
SBIN,EQ,2026-02-10,1151.0,1154.0,1138.1,1144.1,17280036
TCS,EQ,2026-02-10,2949.8,3011.6,2943.5,2984.6,3547763
ASIANPAINT,EQ,2026-02-11,2399.0,2405.7,2376.3,2392.5,3177710
HDFCBANK,EQ,2026-02-11,931.25,936.0,925.3,927.1,24869804
HINDUNILVR,EQ,2026-02-11,2460.0,2470.6,2447.0,2462.9,1137856
ICICIBANK,EQ,2026-02-11,1407.4,1413.0,1400.4,1406.1,8551341
INFY,EQ,2026-02-11,1501.2,1505.9,1469.0,1471.9,7934411
ITC,EQ,2026-02-11,321.95,322.2,316.3,318.25,24843366
LT,EQ,2026-02-11,4172.9,4187.7,4140.3,4170.4,1689489
RELIANCE,EQ,2026-02-11,1459.6,1470.0,1453.6,1468.7,7106877
SBIN,EQ,2026-02-11,1144.7,1187.5,1142.8,1182.9,29491859
TCS,EQ,2026-02-11,2980.0,2998.0,2904.2,2909.8,3363513
ASIANPAINT,EQ,2026-02-12,2398.0,2413.9,2377.0,2410.5,607767
HDFCBANK,EQ,2026-02-12,927.0,928.6,918.5,920.6,33872203
HINDUNILVR,EQ,2026-02-12,2475.0,2479.6,2350.1,2409.7,4656164
ICICIBANK,EQ,2026-02-12,1406.1,1433.0,1405.3,1430.0,19646265
INFY,EQ,2026-02-12,1428.9,1435.7,1380.5,1386.0,26048896
ITC,EQ,2026-02-12,317.3,320.4,316.9,317.45,13294561
LT,EQ,2026-02-12,4187.9,4199.0,4160.9,4185.9,2006458
RELIANCE,EQ,2026-02-12,1470.0,1473.0,1445.5,1448.9,11135399
SBIN,EQ,2026-02-12,1183.0,1203.7,1174.8,1192.4,33214985
TCS,EQ,2026-02-12,2869.8,2880.0,2740.0,2750.1,10612156
ASIANPAINT,EQ,2026-02-13,2408.9,2411.8,2360.1,2366.4,675635
HDFCBANK,EQ,2026-02-13,913.0,928.2,901.0,903.9,50188359
HINDUNILVR,EQ,2026-02-13,2400.0,2400.0,2300.3,2305.2,2791519
ICICIBANK,EQ,2026-02-13,1425.3,1434.4,1410.7,1414.6,12228083
INFY,EQ,2026-02-13,1293.9,1377.3,1281.5,1369.1,45785709
ITC,EQ,2026-02-13,316.0,318.4,313.25,313.75,8730618
LT,EQ,2026-02-13,4174.1,4199.0,4134.1,4173.9,2234376
RELIANCE,EQ,2026-02-13,1445.5,1450.7,1416.3,1419.6,10755693
SBIN,EQ,2026-02-13,1189.0,1201.0,1184.5,1198.6,18141390
TCS,EQ,2026-02-13,2585.0,2713.0,2585.0,2692.2,11168735
ASIANPAINT,EQ,2026-02-16,2360.0,2405.1,2356.8,2397.2,683108
HDFCBANK,EQ,2026-02-16,903.9,929.5,902.1,925.8,18806989
HINDUNILVR,EQ,2026-02-16,2308.1,2327.0,2288.1,2319.0,2036833
ICICIBANK,EQ,2026-02-16,1404.0,1414.0,1400.5,1411.6,5000042
INFY,EQ,2026-02-16,1373.7,1376.0,1338.3,1365.6,14621891
ITC,EQ,2026-02-16,313.75,318.25,313.15,317.95,11693763
LT,EQ,2026-02-16,4170.0,4206.0,4135.3,4201.5,852552
RELIANCE,EQ,2026-02-16,1420.1,1439.6,1409.3,1437.1,5896514
SBIN,EQ,2026-02-16,1194.0,1212.3,1185.3,1208.1,14972739
TCS,EQ,2026-02-16,2700.0,2719.8,2671.0,2706.6,2918730
ASIANPAINT,EQ,2026-02-17,2399.5,2452.4,2399.5,2437.4,1004356
HDFCBANK,EQ,2026-02-17,923.0,928.1,918.6,925.7,22599629
HINDUNILVR,EQ,2026-02-17,2309.3,2326.0,2303.4,2312.3,1233244
ICICIBANK,EQ,2026-02-17,1406.2,1413.6,1393.6,1407.5,11756187
INFY,EQ,2026-02-17,1370.0,1431.0,1367.0,1391.2,25347684
ITC,EQ,2026-02-17,318.45,328.05,318.15,325.45,39360672
LT,EQ,2026-02-17,4210.1,4287.0,4190.1,4279.8,1763048
RELIANCE,EQ,2026-02-17,1431.1,1431.8,1418.6,1423.0,10731630
SBIN,EQ,2026-02-17,1206.1,1225.5,1204.1,1213.4,20107196
TCS,EQ,2026-02-17,2716.0,2760.0,2695.2,2717.4,4209118
ASIANPAINT,EQ,2026-02-18,2440.0,2448.2,2416.5,2432.1,551809
HDFCBANK,EQ,2026-02-18,923.2,925.5,919.55,924.7,12738702
HINDUNILVR,EQ,2026-02-18,2312.6,2328.9,2306.0,2323.5,830787
ICICIBANK,EQ,2026-02-18,1410.1,1412.3,1398.9,1408.2,4758071
INFY,EQ,2026-02-18,1390.9,1401.0,1345.3,1373.7,20241373
ITC,EQ,2026-02-18,326.0,332.95,324.8,332.45,35473203
LT,EQ,2026-02-18,4290.5,4335.0,4261.1,4325.9,2042626
RELIANCE,EQ,2026-02-18,1427.0,1442.1,1419.2,1441.3,5521096
SBIN,EQ,2026-02-18,1218.8,1224.1,1214.0,1218.9,10417264
TCS,EQ,2026-02-18,2730.0,2730.0,2657.3,2694.9,2950820
ASIANPAINT,EQ,2026-02-19,2420.0,2428.0,2391.1,2400.8,971600
HDFCBANK,EQ,2026-02-19,929.0,929.2,912.45,915.6,21209234
HINDUNILVR,EQ,2026-02-19,2336.0,2337.4,2275.6,2279.3,940180
ICICIBANK,EQ,2026-02-19,1408.5,1412.3,1384.8,1388.8,14323091
INFY,EQ,2026-02-19,1385.0,1402.0,1363.2,1370.5,14574228
ITC,EQ,2026-02-19,334.05,334.25,325.0,326.0,19911747
LT,EQ,2026-02-19,4326.1,4334.0,4261.9,4280.5,2007080
RELIANCE,EQ,2026-02-19,1443.0,1443.0,1400.0,1409.5,11884664
SBIN,EQ,2026-02-19,1222.9,1224.9,1199.2,1205.7,9630899
TCS,EQ,2026-02-19,2708.0,2748.7,2666.6,2677.9,3238849
ASIANPAINT,EQ,2026-02-20,2378.2,2435.7,2376.1,2428.1,790329
HDFCBANK,EQ,2026-02-20,911.0,917.85,908.4,911.85,22654907
HINDUNILVR,EQ,2026-02-20,2285.0,2331.2,2278.3,2314.5,1716316
ICICIBANK,EQ,2026-02-20,1388.5,1403.7,1384.0,1394.5,10337877
INFY,EQ,2026-02-20,1359.2,1365.0,1338.2,1353.2,12633552
ITC,EQ,2026-02-20,325.05,327.85,325.05,327.0,11282027
LT,EQ,2026-02-20,4267.1,4390.0,4267.1,4380.6,2542442
RELIANCE,EQ,2026-02-20,1409.5,1427.4,1406.1,1419.4,8177670
SBIN,EQ,2026-02-20,1206.2,1218.0,1201.8,1216.1,9958162
TCS,EQ,2026-02-20,2667.0,2702.6,2647.5,2686.2,2293482
ASIANPAINT,EQ,2026-02-23,2424.7,2446.6,2411.5,2429.7,634365
HDFCBANK,EQ,2026-02-23,916.5,925.65,915.25,923.6,23270122
HINDUNILVR,EQ,2026-02-23,2325.0,2350.0,2320.8,2345.4,1300035
ICICIBANK,EQ,2026-02-23,1400.0,1408.3,1395.3,1399.4,10728445
INFY,EQ,2026-02-23,1352.0,1352.0,1318.0,1327.5,12887826
ITC,EQ,2026-02-23,327.0,328.1,324.4,325.4,13486092
LT,EQ,2026-02-23,4395.6,4431.6,4371.7,4418.1,2122782
RELIANCE,EQ,2026-02-23,1425.0,1434.9,1418.3,1428.0,7758856
SBIN,EQ,2026-02-23,1222.0,1231.1,1217.1,1227.8,9733835
TCS,EQ,2026-02-23,2686.0,2704.0,2660.2,2676.3,4699596
ASIANPAINT,EQ,2026-02-24,2413.0,2441.5,2403.7,2413.1,499660
HDFCBANK,EQ,2026-02-24,927.95,927.95,909.15,910.5,31313985
HINDUNILVR,EQ,2026-02-24,2331.1,2372.0,2330.3,2358.6,1544803
ICICIBANK,EQ,2026-02-24,1400.9,1400.9,1382.3,1384.8,18274784
INFY,EQ,2026-02-24,1301.0,1303.6,1264.1,1275.5,27839061
ITC,EQ,2026-02-24,324.0,325.4,322.05,323.5,13135859
LT,EQ,2026-02-24,4415.5,4440.0,4228.1,4259.2,3673070
RELIANCE,EQ,2026-02-24,1425.3,1433.3,1415.0,1428.8,12529409
SBIN,EQ,2026-02-24,1232.0,1234.7,1219.7,1223.3,15788449
TCS,EQ,2026-02-24,2641.0,2647.5,2561.3,2573.7,7798833
ASIANPAINT,EQ,2026-02-25,2416.0,2427.9,2400.0,2416.4,526764
HDFCBANK,EQ,2026-02-25,910.55,916.0,903.1,907.6,27884303
HINDUNILVR,EQ,2026-02-25,2368.9,2380.0,2349.0,2374.9,1158620
ICICIBANK,EQ,2026-02-25,1391.8,1407.4,1388.2,1400.5,16297015
INFY,EQ,2026-02-25,1286.2,1323.6,1286.2,1290.1,16669618
ITC,EQ,2026-02-25,325.5,326.6,318.1,319.75,13492101
LT,EQ,2026-02-25,4270.0,4344.9,4254.2,4298.5,2481469
RELIANCE,EQ,2026-02-25,1435.0,1440.5,1393.5,1398.5,10728792
SBIN,EQ,2026-02-25,1228.1,1228.1,1197.5,1200.1,19581100
TCS,EQ,2026-02-25,2596.0,2654.2,2595.0,2629.3,3621285
ASIANPAINT,EQ,2026-02-26,2416.1,2422.2,2382.0,2394.9,588742
HDFCBANK,EQ,2026-02-26,912.0,912.0,895.0,898.6,41165937
HINDUNILVR,EQ,2026-02-26,2378.0,2387.3,2355.2,2383.3,1470677
ICICIBANK,EQ,2026-02-26,1405.1,1410.0,1392.1,1404.9,27288792
INFY,EQ,2026-02-26,1305.5,1314.0,1286.3,1289.1,11493914
ITC,EQ,2026-02-26,320.0,321.4,317.6,318.3,11270119
LT,EQ,2026-02-26,4304.9,4340.0,4278.3,4286.5,2370148
RELIANCE,EQ,2026-02-26,1398.5,1412.9,1391.9,1406.8,16683858
SBIN,EQ,2026-02-26,1201.0,1215.4,1188.9,1209.5,16196052
TCS,EQ,2026-02-26,2650.0,2671.0,2635.0,2647.7,3464267
ASIANPAINT,EQ,2026-02-27,2385.0,2397.6,2359.0,2376.2,2531619
HDFCBANK,EQ,2026-02-27,898.6,898.95,885.0,887.75,34620755
HINDUNILVR,EQ,2026-02-27,2369.3,2378.9,2330.6,2338.1,3053227
ICICIBANK,EQ,2026-02-27,1400.0,1402.2,1376.7,1378.9,15096898
INFY,EQ,2026-02-27,1326.3,1335.0,1294.2,1300.1,23141724
ITC,EQ,2026-02-27,316.0,317.75,312.65,313.6,13892595
LT,EQ,2026-02-27,4288.9,4304.7,4254.4,4278.3,2357853
RELIANCE,EQ,2026-02-27,1398.0,1410.4,1388.1,1393.9,12031440
SBIN,EQ,2026-02-27,1207.0,1211.8,1198.6,1201.7,10700355
TCS,EQ,2026-02-27,2681.6,2688.6,2626.1,2637.4,5083717
ASIANPAINT,EQ,2026-03-02,2300.0,2337.9,2283.5,2307.1,2528308
HDFCBANK,EQ,2026-03-02,876.2,887.75,871.55,879.4,38378924
HINDUNILVR,EQ,2026-03-02,2303.0,2354.0,2290.2,2320.6,2273224
ICICIBANK,EQ,2026-03-02,1355.0,1379.2,1355.0,1374.0,16928683
INFY,EQ,2026-03-02,1291.0,1298.8,1273.0,1288.9,9700361
ITC,EQ,2026-03-02,307.0,315.75,307.0,314.9,22194311
LT,EQ,2026-03-02,4061.0,4141.4,3975.4,4066.7,6542141
RELIANCE,EQ,2026-03-02,1375.5,1378.6,1341.5,1358.0,23728722
SBIN,EQ,2026-03-02,1185.0,1197.3,1179.4,1189.9,16270835
TCS,EQ,2026-03-02,2592.0,2623.8,2580.3,2613.5,3374385
INFY,EQ,2026-03-03,13.850000381469727,14.289999961853027,13.84000015258789,14.220000267028809,11463100
ASIANPAINT,EQ,2026-03-04,2260.7,2290.9,2216.3,2285.2,1610358
HDFCBANK,EQ,2026-03-04,848.0,879.3,848.0,868.65,39862322
HINDUNILVR,EQ,2026-03-04,2292.9,2311.6,2252.1,2261.3,2648737
ICICIBANK,EQ,2026-03-04,1326.0,1376.0,1326.0,1365.4,20009132
INFY,EQ,2026-03-04,1292.0,1317.0,1292.0,1307.4,15154950
ITC,EQ,2026-03-04,310.6,315.5,310.5,311.95,24165489
LT,EQ,2026-03-04,3950.0,3959.0,3760.0,3882.6,7635350
RELIANCE,EQ,2026-03-04,1330.0,1352.8,1307.0,1345.0,32495007
SBIN,EQ,2026-03-04,1172.1,1182.7,1157.6,1174.5,13855065
TCS,EQ,2026-03-04,2625.0,2635.0,2580.4,2587.8,3446434
ASIANPAINT,EQ,2026-03-05,2285.2,2313.0,2253.7,2287.8,925040
HDFCBANK,EQ,2026-03-05,868.65,868.65,868.65,868.65,706962
HINDUNILVR,EQ,2026-03-05,2275.5,2277.8,2228.4,2255.0,1751288
ICICIBANK,EQ,2026-03-05,1368.9,1370.8,1347.6,1357.6,17590491
INFY,EQ,2026-03-05,1320.0,1320.0,1290.1,1305.8,10362147
ITC,EQ,2026-03-05,312.2,313.6,308.2,311.5,19938009
LT,EQ,2026-03-05,3924.2,4072.9,3908.9,4038.7,4996312
RELIANCE,EQ,2026-03-05,1353.1,1399.0,1353.1,1389.4,25957532
SBIN,EQ,2026-03-05,1181.0,1183.2,1150.6,1169.5,22100665
TCS,EQ,2026-03-05,2600.0,2609.5,2546.4,2578.8,2960636
ASIANPAINT,EQ,2026-03-06,2261.7,2307.9,2253.7,2279.5,979742
HDFCBANK,EQ,2026-03-06,868.05,871.7,855.1,857.05,34439647
HINDUNILVR,EQ,2026-03-06,2245.1,2250.0,2219.5,2225.7,1674258
ICICIBANK,EQ,2026-03-06,1339.0,1357.6,1310.4,1313.4,22778852
INFY,EQ,2026-03-06,1303.0,1327.2,1303.0,1308.4,8724291
ITC,EQ,2026-03-06,310.05,312.3,309.2,309.7,21288269
LT,EQ,2026-03-06,4015.0,4015.0,3941.0,3949.8,2379314
RELIANCE,EQ,2026-03-06,1396.5,1424.3,1390.3,1404.8,19311971
SBIN,EQ,2026-03-06,1168.5,1169.3,1138.0,1143.0,20333328
TCS,EQ,2026-03-06,2572.0,2619.2,2553.6,2557.6,3998643
ASIANPAINT,EQ,2026-03-09,2200.0,2230.0,2162.6,2220.8,2198153
HDFCBANK,EQ,2026-03-09,825.0,842.45,821.5,840.7,35592613
HINDUNILVR,EQ,2026-03-09,2199.0,2200.0,2170.4,2194.6,1512817
ICICIBANK,EQ,2026-03-09,1272.7,1282.7,1251.1,1278.4,16116652
INFY,EQ,2026-03-09,1290.0,1318.0,1282.5,1315.0,10068514
ITC,EQ,2026-03-09,305.0,307.2,303.6,306.0,14084931
LT,EQ,2026-03-09,3850.0,3852.0,3743.0,3842.1,4248784
RELIANCE,EQ,2026-03-09,1375.0,1429.4,1370.0,1424.0,24870822
SBIN,EQ,2026-03-09,1115.0,1115.0,1064.3,1098.5,24631198
TCS,EQ,2026-03-09,2530.0,2560.0,2505.0,2527.4,3653428
ASIANPAINT,EQ,2026-03-10,2251.6,2305.1,2251.6,2280.4,1192174
HDFCBANK,EQ,2026-03-10,850.05,856.8,840.6,849.45,52866024
HINDUNILVR,EQ,2026-03-10,2224.0,2224.0,2175.0,2190.2,1084986
ICICIBANK,EQ,2026-03-10,1287.6,1315.0,1285.6,1311.9,19136143
INFY,EQ,2026-03-10,1320.0,1321.0,1284.1,1295.6,9600171
ITC,EQ,2026-03-10,309.0,310.0,303.75,309.05,18352950
LT,EQ,2026-03-10,3936.0,3972.0,3851.0,3876.0,3330102
RELIANCE,EQ,2026-03-10,1430.6,1431.5,1400.6,1408.8,18071259
SBIN,EQ,2026-03-10,1111.1,1119.9,1104.5,1112.2,17491459
TCS,EQ,2026-03-10,2541.0,2545.2,2490.1,2513.1,4323710
ASIANPAINT,EQ,2026-03-11,2290.0,2302.0,2226.0,2232.0,687786
HDFCBANK,EQ,2026-03-11,845.0,848.85,827.6,833.95,42261076
HINDUNILVR,EQ,2026-03-11,2190.2,2195.0,2156.0,2161.4,1313256
ICICIBANK,EQ,2026-03-11,1300.0,1306.5,1290.9,1294.6,13224259
INFY,EQ,2026-03-11,1288.0,1299.5,1271.3,1276.3,7868891
ITC,EQ,2026-03-11,309.05,310.65,307.7,309.0,14842485
LT,EQ,2026-03-11,3879.7,3896.7,3832.0,3838.8,2066473
RELIANCE,EQ,2026-03-11,1424.9,1434.0,1383.6,1390.2,21848087
SBIN,EQ,2026-03-11,1113.4,1115.9,1088.0,1091.1,8364878
TCS,EQ,2026-03-11,2508.1,2521.0,2460.1,2464.9,2720664
ASIANPAINT,EQ,2026-03-12,2208.0,2249.9,2201.0,2221.2,1384055
HDFCBANK,EQ,2026-03-12,820.1,836.4,820.1,832.75,46107561
HINDUNILVR,EQ,2026-03-12,2165.1,2165.1,2109.3,2136.9,1791973
ICICIBANK,EQ,2026-03-12,1275.7,1280.5,1258.3,1266.5,19676187
INFY,EQ,2026-03-12,1272.5,1278.6,1258.0,1265.8,7599940
ITC,EQ,2026-03-12,307.05,308.0,302.85,304.1,23319679
LT,EQ,2026-03-12,3825.0,3830.0,3704.9,3719.5,4255443
RELIANCE,EQ,2026-03-12,1390.0,1410.9,1381.1,1392.2,20939959
SBIN,EQ,2026-03-12,1075.1,1098.0,1070.5,1085.2,14614140
TCS,EQ,2026-03-12,2459.8,2472.9,2436.0,2442.4,2752075
ASIANPAINT,EQ,2026-03-13,2204.7,2219.7,2190.0,2196.8,949233
HDFCBANK,EQ,2026-03-13,820.0,823.8,812.0,817.0,41700464
HINDUNILVR,EQ,2026-03-13,2136.0,2191.9,2120.3,2160.0,2298875
ICICIBANK,EQ,2026-03-13,1251.9,1262.3,1248.7,1254.8,17344394
INFY,EQ,2026-03-13,1251.0,1269.6,1242.6,1248.3,7366098
ITC,EQ,2026-03-13,304.0,306.0,300.65,301.45,25659996
LT,EQ,2026-03-13,3696.0,3697.0,3424.5,3439.0,10778730
RELIANCE,EQ,2026-03-13,1385.2,1400.8,1378.4,1380.7,17265090
SBIN,EQ,2026-03-13,1077.5,1081.3,1042.3,1047.0,15978675
TCS,EQ,2026-03-13,2437.0,2445.9,2397.0,2410.5,2466488
ASIANPAINT,EQ,2026-03-16,2185.4,2227.8,2175.1,2217.7,1111587
HDFCBANK,EQ,2026-03-16,817.0,844.5,815.65,840.6,52182605
HINDUNILVR,EQ,2026-03-16,2169.6,2186.7,2154.0,2175.7,1981511
ICICIBANK,EQ,2026-03-16,1255.0,1276.8,1240.1,1272.9,22740688
INFY,EQ,2026-03-16,1240.2,1254.3,1224.2,1249.8,12314450
ITC,EQ,2026-03-16,302.55,309.45,302.0,308.25,37472204
LT,EQ,2026-03-16,3453.5,3494.8,3396.6,3469.4,8459233
RELIANCE,EQ,2026-03-16,1380.0,1397.3,1363.5,1395.1,22837802
SBIN,EQ,2026-03-16,1048.7,1073.0,1036.1,1066.7,15322269
TCS,EQ,2026-03-16,2410.0,2425.0,2366.1,2409.2,3807907
ASIANPAINT,EQ,2026-03-17,2217.7,2261.5,2217.2,2238.2,875461
HDFCBANK,EQ,2026-03-17,847.7,848.9,835.1,845.35,38826979
HINDUNILVR,EQ,2026-03-17,2172.8,2184.8,2145.5,2158.2,1705956
ICICIBANK,EQ,2026-03-17,1278.9,1294.4,1273.0,1288.7,22303102
INFY,EQ,2026-03-17,1245.0,1245.0,1215.1,1232.9,11223276
ITC,EQ,2026-03-17,309.95,309.95,304.05,304.85,25649286
LT,EQ,2026-03-17,3478.0,3550.0,3450.0,3542.8,5003418
RELIANCE,EQ,2026-03-17,1399.0,1405.9,1388.2,1397.6,19007744
SBIN,EQ,2026-03-17,1073.9,1073.9,1047.0,1064.7,16427877
TCS,EQ,2026-03-17,2420.0,2420.0,2360.0,2391.7,2993367
ASIANPAINT,EQ,2026-03-18,2235.1,2270.4,2228.6,2262.1,844912
HDFCBANK,EQ,2026-03-18,845.35,846.8,831.6,843.05,23507063
HINDUNILVR,EQ,2026-03-18,2165.0,2175.0,2129.7,2135.3,2441148
ICICIBANK,EQ,2026-03-18,1286.0,1297.1,1270.8,1289.3,12961135
INFY,EQ,2026-03-18,1238.0,1290.8,1234.9,1267.1,12365381
ITC,EQ,2026-03-18,305.9,306.95,303.5,304.05,16702554
LT,EQ,2026-03-18,3569.0,3638.8,3555.0,3607.9,4190485
RELIANCE,EQ,2026-03-18,1397.2,1412.9,1397.2,1408.1,9559327
SBIN,EQ,2026-03-18,1067.5,1075.4,1061.3,1069.8,10749915
TCS,EQ,2026-03-18,2410.0,2482.9,2410.0,2440.8,3082388
ASIANPAINT,EQ,2026-03-19,2220.0,2239.0,2180.6,2186.0,889334
HDFCBANK,EQ,2026-03-19,770.0,815.65,770.0,798.2,171637393
HINDUNILVR,EQ,2026-03-19,2112.0,2133.6,2070.1,2077.3,2098905
ICICIBANK,EQ,2026-03-19,1267.6,1285.9,1243.7,1250.1,14422899
INFY,EQ,2026-03-19,1244.2,1255.0,1215.1,1220.8,9156461
ITC,EQ,2026-03-19,301.5,305.5,297.1,298.0,17851126
LT,EQ,2026-03-19,3526.7,3528.3,3422.0,3434.5,4898518
RELIANCE,EQ,2026-03-19,1388.0,1415.7,1376.1,1384.8,16498373
SBIN,EQ,2026-03-19,1049.5,1059.7,1041.0,1048.9,13431191
TCS,EQ,2026-03-19,2417.0,2424.0,2350.2,2356.0,2757060
ASIANPAINT,EQ,2026-03-20,2210.9,2224.5,2185.0,2195.4,875920
HDFCBANK,EQ,2026-03-20,785.0,793.75,778.2,780.45,103129469
HINDUNILVR,EQ,2026-03-20,2099.7,2099.8,2069.0,2082.7,2429744
ICICIBANK,EQ,2026-03-20,1258.4,1274.0,1241.7,1245.4,16421006
INFY,EQ,2026-03-20,1242.0,1264.8,1229.2,1255.9,27299975
ITC,EQ,2026-03-20,301.05,308.75,298.15,299.95,58679529
LT,EQ,2026-03-20,3475.0,3524.0,3410.0,3434.8,4743217
RELIANCE,EQ,2026-03-20,1398.0,1430.0,1396.1,1414.4,22994918
SBIN,EQ,2026-03-20,1058.4,1085.0,1054.0,1058.0,17748625
TCS,EQ,2026-03-20,2386.0,2407.8,2364.2,2390.6,4206320
ASIANPAINT,EQ,2026-03-23,2180.0,2180.0,2115.0,2121.3,978398
HDFCBANK,EQ,2026-03-23,763.15,768.7,741.05,744.15,72341738
HINDUNILVR,EQ,2026-03-23,2062.3,2097.0,2033.3,2052.2,2599535
ICICIBANK,EQ,2026-03-23,1226.6,1234.9,1218.1,1222.7,17049534
INFY,EQ,2026-03-23,1238.2,1261.1,1227.4,1256.8,12420293
ITC,EQ,2026-03-23,298.9,299.0,289.55,290.45,31788160
LT,EQ,2026-03-23,3405.1,3409.9,3288.1,3342.4,5645839
RELIANCE,EQ,2026-03-23,1400.0,1415.6,1391.0,1407.8,18979554
SBIN,EQ,2026-03-23,1039.0,1045.6,1014.2,1031.9,16039603
TCS,EQ,2026-03-23,2365.0,2406.8,2348.0,2383.8,3860515
ASIANPAINT,EQ,2026-03-24,2184.0,2224.5,2153.3,2217.3,1561016
HDFCBANK,EQ,2026-03-24,755.0,772.75,747.7,764.9,61269986
HINDUNILVR,EQ,2026-03-24,2070.0,2115.0,2066.0,2085.0,1702418
ICICIBANK,EQ,2026-03-24,1237.1,1253.9,1223.7,1251.2,20617782
INFY,EQ,2026-03-24,1269.0,1297.0,1251.0,1278.3,13613495
ITC,EQ,2026-03-24,295.95,296.0,288.75,291.25,33335721
LT,EQ,2026-03-24,3440.0,3547.1,3390.5,3516.8,6037848
RELIANCE,EQ,2026-03-24,1420.0,1422.4,1406.6,1411.8,18620893
SBIN,EQ,2026-03-24,1055.2,1059.0,1020.0,1030.8,30416734
TCS,EQ,2026-03-24,2404.1,2435.4,2379.1,2398.8,3420182
ASIANPAINT,EQ,2026-03-25,2225.1,2289.7,2222.0,2270.2,1270855
HDFCBANK,EQ,2026-03-25,768.2,794.8,768.2,782.3,59230640
HINDUNILVR,EQ,2026-03-25,2098.0,2154.7,2086.0,2134.8,2069217
ICICIBANK,EQ,2026-03-25,1258.9,1272.9,1254.4,1259.7,17290030
INFY,EQ,2026-03-25,1270.0,1290.6,1257.1,1279.1,10824030
ITC,EQ,2026-03-25,292.7,298.5,292.25,295.7,26184716
LT,EQ,2026-03-25,3569.9,3660.0,3546.0,3649.3,5090205
RELIANCE,EQ,2026-03-25,1420.0,1430.5,1408.4,1413.1,19041331
SBIN,EQ,2026-03-25,1043.0,1065.5,1043.0,1060.6,16205333
TCS,EQ,2026-03-25,2400.9,2421.6,2369.8,2377.4,5843778
INFY,EQ,2026-03-26,13.100000381469727,13.359999656677246,13.079999923706055,13.15999984741211,8750500
ASIANPAINT,EQ,2026-03-27,2246.3,2269.0,2201.1,2207.4,1089010
HDFCBANK,EQ,2026-03-27,773.2,774.9,754.55,756.2,65485199
HINDUNILVR,EQ,2026-03-27,2123.3,2127.0,2069.5,2074.4,2789151
ICICIBANK,EQ,2026-03-27,1256.0,1260.9,1230.1,1233.8,23630905
INFY,EQ,2026-03-27,1285.2,1294.8,1263.2,1269.7,13092541
ITC,EQ,2026-03-27,294.7,296.85,291.55,294.7,22179022
LT,EQ,2026-03-27,3640.0,3640.0,3547.0,3564.1,3991388
RELIANCE,EQ,2026-03-27,1401.0,1404.7,1345.0,1348.1,23266517
SBIN,EQ,2026-03-27,1051.3,1055.3,1013.0,1019.5,20445349
TCS,EQ,2026-03-27,2403.9,2422.1,2385.0,2389.8,4979411
ASIANPAINT,EQ,2026-03-30,2185.3,2202.9,2151.0,2165.2,1513565
HDFCBANK,EQ,2026-03-30,745.2,751.0,726.65,731.55,103500135
HINDUNILVR,EQ,2026-03-30,2064.0,2082.4,2046.2,2055.2,2482193
ICICIBANK,EQ,2026-03-30,1216.5,1222.6,1200.4,1205.9,23952775
INFY,EQ,2026-03-30,1250.0,1265.5,1243.0,1250.6,14108486
ITC,EQ,2026-03-30,293.6,294.45,287.0,287.7,24586921
LT,EQ,2026-03-30,3500.0,3543.6,3491.1,3504.1,3549203
RELIANCE,EQ,2026-03-30,1335.0,1365.0,1334.1,1343.9,24393861
SBIN,EQ,2026-03-30,1005.0,1009.4,975.8,979.4,21438137
TCS,EQ,2026-03-30,2375.1,2398.0,2346.2,2358.9,6804756
INFY,EQ,2026-03-31,13.369999885559082,13.699999809265137,13.210000038146973,13.510000228881836,16621100
ASIANPAINT,EQ,2026-04-01,2224.8,2246.6,2198.4,2225.8,1209900
HDFCBANK,EQ,2026-04-01,743.0,755.9,739.1,742.25,78862761
HINDUNILVR,EQ,2026-04-01,2119.9,2119.9,2052.0,2064.7,2028470
ICICIBANK,EQ,2026-04-01,1228.1,1234.0,1210.0,1212.7,25472333
INFY,EQ,2026-04-01,1290.0,1303.0,1269.5,1275.7,8137156
ITC,EQ,2026-04-01,293.0,294.45,290.9,291.7,18604340
LT,EQ,2026-04-01,3655.0,3682.9,3597.3,3607.5,4099786
RELIANCE,EQ,2026-04-01,1384.2,1384.4,1362.9,1369.2,14404619
SBIN,EQ,2026-04-01,1008.0,1031.0,998.45,1017.8,17424479
TCS,EQ,2026-04-01,2429.0,2472.0,2397.9,2408.2,4132661
ASIANPAINT,EQ,2026-04-02,2185.0,2185.1,2142.4,2169.0,1854061
HDFCBANK,EQ,2026-04-02,730.0,755.0,726.65,750.9,49310300
HINDUNILVR,EQ,2026-04-02,2055.0,2069.9,2022.5,2065.3,1431905
ICICIBANK,EQ,2026-04-02,1196.0,1222.1,1187.6,1215.8,20851722
INFY,EQ,2026-04-02,1260.0,1305.4,1259.8,1300.8,12873492
ITC,EQ,2026-04-02,290.25,293.65,288.4,292.85,18082775
LT,EQ,2026-04-02,3539.3,3629.0,3470.0,3613.1,4121638
RELIANCE,EQ,2026-04-02,1357.0,1358.2,1328.0,1350.5,21280051
SBIN,EQ,2026-04-02,1000.0,1026.0,977.9,1018.4,20777629
TCS,EQ,2026-04-02,2386.0,2469.9,2375.7,2450.7,5378361
ASIANPAINT,EQ,2026-04-06,2169.0,2193.2,2145.9,2184.3,2048228
HDFCBANK,EQ,2026-04-06,759.0,772.75,745.0,771.0,42976659
HINDUNILVR,EQ,2026-04-06,2065.3,2092.8,2041.9,2084.8,1661298
ICICIBANK,EQ,2026-04-06,1213.0,1234.4,1200.5,1231.4,10058414
INFY,EQ,2026-04-06,1301.4,1320.0,1299.0,1306.2,10208682
ITC,EQ,2026-04-06,293.0,295.35,290.25,294.85,18047063
LT,EQ,2026-04-06,3616.6,3737.0,3577.0,3727.7,3353246
RELIANCE,EQ,2026-04-06,1359.0,1359.0,1290.0,1304.7,29274881
SBIN,EQ,2026-04-06,1020.0,1035.7,1005.05,1032.75,23576634
TCS,EQ,2026-04-06,2474.0,2482.0,2448.2,2473.9,2572417
ASIANPAINT,EQ,2026-04-07,2167.7,2198.7,2145.0,2186.2,1793007
HDFCBANK,EQ,2026-04-07,766.0,774.0,761.0,772.0,51309793
HINDUNILVR,EQ,2026-04-07,2064.7,2119.5,2050.8,2110.6,2709707
ICICIBANK,EQ,2026-04-07,1229.0,1250.4,1216.6,1245.5,25600557
INFY,EQ,2026-04-07,1302.0,1345.1,1293.5,1339.4,15355792
ITC,EQ,2026-04-07,294.15,299.0,292.75,298.45,26963485
LT,EQ,2026-04-07,3680.0,3736.2,3658.0,3723.3,3083714
RELIANCE,EQ,2026-04-07,1295.0,1308.3,1291.0,1304.6,28388922
SBIN,EQ,2026-04-07,1025.0,1033.7,1012.0,1030.4,15021291
TCS,EQ,2026-04-07,2461.0,2543.9,2448.0,2539.8,4516550
ASIANPAINT,EQ,2026-04-08,2284.5,2336.9,2245.2,2282.4,2914767
HDFCBANK,EQ,2026-04-08,800.0,817.8,796.0,816.1,70269512
HINDUNILVR,EQ,2026-04-08,2130.0,2192.8,2130.0,2145.6,3794437
ICICIBANK,EQ,2026-04-08,1310.0,1333.5,1292.4,1309.2,25148651
INFY,EQ,2026-04-08,1349.0,1376.9,1331.0,1346.2,16030133
ITC,EQ,2026-04-08,303.9,304.6,301.55,302.45,22310207
LT,EQ,2026-04-08,3948.0,4032.0,3931.0,4005.9,7368477
RELIANCE,EQ,2026-04-08,1349.0,1350.6,1326.2,1347.8,21817543
SBIN,EQ,2026-04-08,1074.0,1077.8,1059.45,1061.45,28533742
TCS,EQ,2026-04-08,2572.0,2580.3,2540.1,2559.2,4769337
ASIANPAINT,EQ,2026-04-09,2275.0,2289.6,2252.0,2269.6,1980060
HDFCBANK,EQ,2026-04-09,815.0,819.0,793.1,797.7,48879392
HINDUNILVR,EQ,2026-04-09,2145.5,2162.9,2115.0,2133.2,2506245
ICICIBANK,EQ,2026-04-09,1299.9,1308.0,1275.9,1281.3,22923062
INFY,EQ,2026-04-09,1329.9,1337.5,1314.0,1331.6,14894607
ITC,EQ,2026-04-09,301.5,304.4,301.25,303.0,17691477
LT,EQ,2026-04-09,3988.0,3988.0,3885.6,3896.2,4415151
RELIANCE,EQ,2026-04-09,1346.0,1350.0,1326.3,1330.0,20725390
SBIN,EQ,2026-04-09,1060.1,1064.35,1038.3,1040.95,24772948
TCS,EQ,2026-04-09,2554.0,2605.0,2531.1,2589.0,5628261
ASIANPAINT,EQ,2026-04-10,2267.7,2376.9,2267.7,2360.7,3018178
HDFCBANK,EQ,2026-04-10,804.0,812.25,801.0,810.3,38156026
HINDUNILVR,EQ,2026-04-10,2133.2,2170.0,2121.4,2155.3,2144484
ICICIBANK,EQ,2026-04-10,1289.0,1324.0,1288.5,1321.9,18174755
INFY,EQ,2026-04-10,1318.0,1318.9,1283.3,1292.5,19233369
ITC,EQ,2026-04-10,303.0,305.4,302.6,304.25,17744386
LT,EQ,2026-04-10,3932.0,3965.0,3915.6,3959.9,2822017
RELIANCE,EQ,2026-04-10,1337.0,1352.3,1331.5,1350.2,19364461
SBIN,EQ,2026-04-10,1049.0,1069.45,1046.15,1066.7,17861336
TCS,EQ,2026-04-10,2565.8,2565.8,2501.1,2524.3,10480239
ASIANPAINT,EQ,2026-04-13,2279.9,2362.5,2262.0,2352.4,1734562
HDFCBANK,EQ,2026-04-13,791.5,798.5,787.35,794.7,47549328
HINDUNILVR,EQ,2026-04-13,2131.0,2140.7,2113.5,2127.2,1994541
ICICIBANK,EQ,2026-04-13,1304.9,1357.0,1296.7,1351.1,30572141
INFY,EQ,2026-04-13,1272.0,1289.0,1265.7,1276.8,10366082
ITC,EQ,2026-04-13,300.0,301.45,298.1,298.65,16522014
LT,EQ,2026-04-13,3825.0,3971.7,3815.6,3954.3,4897563
RELIANCE,EQ,2026-04-13,1321.2,1327.6,1310.0,1315.1,28753269
SBIN,EQ,2026-04-13,1042.0,1067.25,1030.0,1063.55,17763348
TCS,EQ,2026-04-13,2489.9,2504.9,2470.0,2472.6,3739587
INFY,EQ,2026-04-14,14.029999732971191,14.270000457763672,13.859999656677246,13.9399995803833,14719900
ASIANPAINT,EQ,2026-04-15,2400.5,2426.0,2381.0,2423.1,1182431
HDFCBANK,EQ,2026-04-15,804.95,814.8,804.0,809.9,39769515
HINDUNILVR,EQ,2026-04-15,2140.9,2168.0,2140.9,2157.6,1552971
ICICIBANK,EQ,2026-04-15,1358.0,1364.8,1338.0,1348.1,23827473
INFY,EQ,2026-04-15,1306.3,1322.5,1300.5,1305.3,12098912
ITC,EQ,2026-04-15,300.7,304.0,300.55,302.05,18701403
LT,EQ,2026-04-15,4045.4,4104.0,4031.1,4076.3,4562142
RELIANCE,EQ,2026-04-15,1337.0,1347.0,1334.2,1344.1,15313779
SBIN,EQ,2026-04-15,1076.0,1088.0,1068.2,1071.5,16195810
TCS,EQ,2026-04-15,2501.9,2559.0,2493.4,2554.9,5261384
ASIANPAINT,EQ,2026-04-16,2435.0,2446.6,2411.6,2440.3,1496210
HDFCBANK,EQ,2026-04-16,818.0,820.05,792.2,795.45,62861293
HINDUNILVR,EQ,2026-04-16,2158.0,2163.7,2129.1,2139.1,1845734
ICICIBANK,EQ,2026-04-16,1352.0,1366.9,1340.2,1345.5,24017236
INFY,EQ,2026-04-16,1322.1,1331.0,1309.0,1319.2,18527029
ITC,EQ,2026-04-16,302.95,305.35,301.85,303.4,16512053
LT,EQ,2026-04-16,4128.0,4149.0,4089.0,4119.8,5092608
RELIANCE,EQ,2026-04-16,1352.0,1353.8,1330.0,1343.3,30211012
SBIN,EQ,2026-04-16,1078.0,1084.15,1062.0,1067.15,20313165
TCS,EQ,2026-04-16,2572.0,2594.0,2558.0,2576.9,3905403
ASIANPAINT,EQ,2026-04-17,2425.0,2486.1,2417.5,2464.0,1286575
HDFCBANK,EQ,2026-04-17,790.1,803.95,788.2,799.9,37282544
HINDUNILVR,EQ,2026-04-17,2142.0,2245.0,2133.0,2240.8,4882697
ICICIBANK,EQ,2026-04-17,1347.0,1352.9,1334.0,1346.8,18151993
INFY,EQ,2026-04-17,1313.0,1328.3,1306.1,1318.7,12064048
ITC,EQ,2026-04-17,303.85,309.95,303.85,306.8,35111203
LT,EQ,2026-04-17,4134.0,4142.9,4072.8,4096.1,2796673
RELIANCE,EQ,2026-04-17,1340.0,1368.4,1340.0,1365.0,13869105
SBIN,EQ,2026-04-17,1067.0,1082.15,1060.0,1080.25,16823879
TCS,EQ,2026-04-17,2570.0,2589.0,2555.9,2581.5,2718206
ASIANPAINT,EQ,2026-04-20,2470.0,2523.8,2456.5,2516.8,1203157
HDFCBANK,EQ,2026-04-20,797.1,809.95,790.0,795.45,52148044
HINDUNILVR,EQ,2026-04-20,2240.8,2253.4,2223.2,2231.5,1460822
ICICIBANK,EQ,2026-04-20,1364.7,1376.4,1353.0,1356.2,21551520
INFY,EQ,2026-04-20,1320.0,1324.9,1308.1,1312.6,7172300
ITC,EQ,2026-04-20,307.0,307.95,304.45,305.0,13540471
LT,EQ,2026-04-20,4100.0,4130.0,4024.0,4051.0,3545024
RELIANCE,EQ,2026-04-20,1363.2,1373.0,1352.8,1363.3,13614733
SBIN,EQ,2026-04-20,1080.3,1120.95,1075.85,1107.85,31179584
TCS,EQ,2026-04-20,2587.1,2594.0,2561.2,2579.6,2288558
ASIANPAINT,EQ,2026-04-21,2516.3,2582.0,2513.7,2543.6,1681872
HDFCBANK,EQ,2026-04-21,795.2,814.9,795.2,811.75,49135752
HINDUNILVR,EQ,2026-04-21,2238.7,2335.7,2227.2,2310.7,3217281
ICICIBANK,EQ,2026-04-21,1368.0,1393.1,1360.0,1388.4,23312455
INFY,EQ,2026-04-21,1310.0,1325.0,1299.3,1313.2,10057440
ITC,EQ,2026-04-21,305.0,311.1,304.55,309.65,24411865
LT,EQ,2026-04-21,4039.0,4091.8,4032.0,4075.4,2426718
RELIANCE,EQ,2026-04-21,1359.0,1369.8,1350.1,1353.3,27293629
SBIN,EQ,2026-04-21,1113.4,1114.75,1105.95,1111.85,16963734
TCS,EQ,2026-04-21,2560.0,2614.0,2560.0,2610.5,2719959
ASIANPAINT,EQ,2026-04-22,2500.0,2572.0,2500.0,2562.9,1126584
HDFCBANK,EQ,2026-04-22,810.0,813.05,798.0,799.9,23876412
HINDUNILVR,EQ,2026-04-22,2310.4,2408.0,2310.4,2368.8,5558325
ICICIBANK,EQ,2026-04-22,1380.0,1380.1,1365.0,1367.6,13613487
INFY,EQ,2026-04-22,1295.0,1297.7,1255.9,1268.6,20088378
ITC,EQ,2026-04-22,310.0,310.55,305.1,305.5,24500511
LT,EQ,2026-04-22,4070.0,4070.0,4011.0,4021.1,2178082
RELIANCE,EQ,2026-04-22,1350.3,1366.0,1349.1,1362.1,9525953
SBIN,EQ,2026-04-22,1110.0,1117.85,1100.1,1103.3,12412659
TCS,EQ,2026-04-22,2580.0,2580.0,2503.6,2538.5,5232045
ASIANPAINT,EQ,2026-04-23,2530.0,2541.7,2510.0,2521.4,1378614
HDFCBANK,EQ,2026-04-23,792.0,796.65,782.5,784.35,37677616
HINDUNILVR,EQ,2026-04-23,2336.0,2400.0,2336.0,2366.4,2063531
ICICIBANK,EQ,2026-04-23,1348.4,1354.0,1343.5,1348.0,20111792
INFY,EQ,2026-04-23,1254.0,1265.7,1226.0,1240.6,14792854
ITC,EQ,2026-04-23,304.0,306.35,303.25,305.3,10701849
LT,EQ,2026-04-23,4009.9,4064.0,3978.5,4054.1,2229134
RELIANCE,EQ,2026-04-23,1346.0,1355.5,1340.7,1343.4,16385079
SBIN,EQ,2026-04-23,1095.0,1101.9,1082.2,1094.25,13669001
TCS,EQ,2026-04-23,2529.0,2559.5,2516.3,2521.8,2509050
ASIANPAINT,EQ,2026-04-24,2521.4,2538.9,2470.7,2485.1,436871
HDFCBANK,EQ,2026-04-24,777.3,787.6,777.0,784.85,27720358
HINDUNILVR,EQ,2026-04-24,2388.6,2388.6,2299.0,2327.3,1676706
ICICIBANK,EQ,2026-04-24,1336.3,1348.8,1324.0,1326.2,14056743
INFY,EQ,2026-04-24,1200.0,1223.9,1152.2,1154.6,42078914
ITC,EQ,2026-04-24,306.65,306.65,301.1,301.6,17011704
LT,EQ,2026-04-24,4072.0,4088.1,3983.2,4014.3,2162213
RELIANCE,EQ,2026-04-24,1340.0,1345.9,1325.0,1327.8,11744802
SBIN,EQ,2026-04-24,1091.35,1106.0,1090.05,1101.1,13774745
TCS,EQ,2026-04-24,2488.0,2505.0,2388.8,2396.9,5107719
